Jogador,Minutos,Gols,Assistencias,Cartoes_Amarelos,Cartoes_Vermelhos
Rafael Pires,2340.0,0.0,0.0,1.0,0.0
Jonathan Calleri,1798.0,8.0,1.0,6.0,0.0
Danielzinho,1669.0,1.0,1.0,2.0,0.0
Luciano,1626.0,8.0,1.0,4.0,0.0
José Sabino,1581.0,1.0,1.0,1.0,0.0
Lucas Ramon,1517.0,0.0,2.0,2.0,1.0
Marcos Antônio,1563.0,0.0,2.0,1.0,0.0
Artur,1414.0,2.0,2.0,1.0,0.0
Wendell,1237.0,0.0,3.0,4.0,0.0
Damián Bobadilla,1153.0,0.0,2.0,3.0,0.0
Alan Franco,1073.0,0.0,0.0,3.0,0.0
Pablo Maia,1049.0,1.0,0.0,3.0,0.0
Enzo Díaz,927.0,0.0,1.0,7.0,0.0
Robert Arboleda,992.0,0.0,0.0,1.0,0.0
Cauly Oliveira Souza,703.0,1.0,0.0,0.0,0.0
Ferreira,798.0,4.0,0.0,2.0,0.0
Rafael Tolói,652.0,0.0,0.0,3.0,0.0
André Silva,472.0,0.0,0.0,5.0,0.0
Domingos Duarte,398.0,0.0,0.0,0.0,0.0
Luis Osorio,423.0,0.0,1.0,1.0,1.0
Maik,368.0,0.0,0.0,0.0,0.0
Iago,337.0,1.0,0.0,0.0,0.0
Lucas Moura,320.0,1.0,1.0,0.0,0.0
Djhordney Ferreira,232.0,0.0,0.0,2.0,0.0
Gonzalo Tapia,278.0,0.0,0.0,1.0,0.0
Cédric Soares,267.0,0.0,0.0,1.0,0.0
Dória,228.0,1.0,0.0,1.0,0.0
Victor Sá,195.0,0.0,1.0,0.0,0.0
Newton,178.0,0.0,0.0,0.0,0.0
Gustavo Santana,178.0,1.0,0.0,0.0,0.0
Lucca Marques,114.0,0.0,0.0,0.0,0.0
Carlos Coronel,90.0,0.0,0.0,0.0,0.0
Pedro Lima,72.0,0.0,0.0,0.0,0.0
Aurélio Buta,70.0,0.0,0.0,0.0,0.0
Tetê,102.0,0.0,0.0,1.0,0.0
Luan Silva,96.0,0.0,0.0,1.0,0.0
Pedrinho,66.0,0.0,0.0,0.0,0.0
Nahuel Ferraresi,21.0,0.0,0.0,0.0,0.0
Hugo Leonardo,19.0,0.0,0.0,0.0,0.0
Ryan Francisco,13.0,0.0,0.0,0.0,0.0
Felipe Negrucci,11.0,0.0,0.0,0.0,0.0
Nicolas,1.0,0.0,0.0,0.0,0.0
Igor Felisberto,0.0,0.0,0.0,0.0,0.0
Isac,0.0,0.0,0.0,0.0,0.0
João Moreira,0.0,0.0,0.0,0.0,0.0
Young,0.0,0.0,0.0,0.0,0.0
